timestamp,spot_price,previous_hedge_position,target_hedge_position,hedge_trade_size,hedge_trade_notional,hedge_fee,side,reason_for_rebalance
28928160,93420.5549,0.0,0.57785,0.578,53997.0807322,21.59883229288,buy,threshold
28928180,93655.754,0.578,1.07847,0.5,46827.877,18.7311508,buy,threshold
28928641,93563.514,1.0779999999999998,1.8209299999999997,0.743,69517.690902,27.807076360800004,buy,threshold
28928908,93806.147,1.8209999999999997,2.33088,0.51,47841.13497,19.136453988,buy,threshold
28929346,94466.4811,2.3309999999999995,3.01947,0.6880000000000001,64992.93899680001,25.997175598720005,buy,threshold
28929443,94945.2894,3.0189999999999997,3.6485499999999997,0.63,59815.532322,23.926212928800002,buy,threshold
28929571,94444.6585,3.6489999999999996,3.1455800000000003,-0.503,47505.6632255,19.0022652902,sell,threshold
28929626,94902.7156,3.1459999999999995,3.6822100000000004,0.536,50867.8555616,20.347142224640002,buy,threshold
28929878,95506.34,3.6819999999999995,4.53232,0.85,81180.389,32.4721556,buy,threshold
28930080,95830.9,4.531999999999999,0.48129,-4.051,388210.9759,155.28439036,sell,threshold
28930087,95821.77,0.480999999999999,1.10419,0.623,59696.96271,23.878785084,buy,threshold
28930114,95755.76,1.103999999999999,1.63436,0.53,50750.5528,20.30022112,buy,threshold
28930128,95954.15,1.633999999999999,2.14633,0.512,49128.5248,19.65140992,buy,threshold
28930153,96160.12,2.145999999999999,2.64905,0.503,48368.54036,19.347416144,buy,threshold
28930268,96862.3,2.648999999999999,3.16032,0.511,49496.6353,19.798654120000002,buy,threshold
28930443,96143.6,3.1599999999999993,2.64519,-0.515,49513.954000000005,19.805581600000004,sell,threshold
28930471,96976.69,2.644999999999999,3.3366999999999996,0.6920000000000001,67107.86948000001,26.843147792000003,buy,threshold
28930479,96315.61,3.3369999999999993,2.78355,-0.553,53262.53233,21.305012932,sell,threshold
28930485,96967.49,2.7839999999999994,3.30835,0.524,50810.96476,20.324385904000003,buy,threshold
28930535,96297.61,3.3079999999999994,2.7823700000000002,-0.526,50652.54286,20.261017144,sell,threshold
28930577,96908.0,2.781999999999999,3.3317900000000003,0.55,53299.4,21.319760000000002,buy,threshold
28930609,97618.05,3.331999999999999,3.85215,0.52,50761.386000000006,20.304554400000004,buy,threshold
28930653,96843.35,3.851999999999999,3.31248,-0.54,52295.40900000001,20.918163600000003,sell,threshold
28930744,97388.99,3.311999999999999,3.8657700000000004,0.554,53953.50046000001,21.581400184000007,buy,threshold
28931446,96530.14,3.8659999999999988,3.35973,-0.506,48844.25084,19.537700336,sell,threshold
28931515,96294.6,3.3599999999999985,2.25996,-1.1,105924.06000000001,42.36962400000001,sell,threshold
28931520,96340.216,2.2599999999999985,0.56649,-1.694,163200.325904,65.2801303616,sell,threshold
28931524,96354.8789,0.5659999999999985,1.70541,1.139,109748.2070671,43.89928282684,buy,threshold
28931600,96436.1033,1.7049999999999985,2.59079,0.886,85442.3875238,34.17695500952,buy,threshold
28931907,97063.012,2.5909999999999984,3.1044,0.513,49793.325156,19.9173300624,buy,threshold
28931976,97442.3654,3.1039999999999983,3.60473,0.501,48818.625065399996,19.52745002616,buy,threshold
28932023,98240.2915,3.604999999999998,4.12833,0.523,51379.6724545,20.551868981800002,buy,threshold
28932960,98258.7615,4.127999999999998,1.38247,-2.746,269818.55907899997,107.92742363159999,sell,threshold
28932967,98229.9587,1.3819999999999983,2.16046,0.778,76422.9078686,30.56916314744,buy,threshold
28932989,98186.6957,2.1599999999999984,2.66868,0.509,49977.0281113,19.990811244520003,buy,threshold
28933067,97667.7598,2.6689999999999983,2.16553,-0.503,49126.8831794,19.65075327176,sell,threshold
28933635,98209.838,2.165999999999998,2.71185,0.546,53622.57154800001,21.449028619200003,buy,threshold
28934400,98208.4185,2.711999999999998,1.41492,-1.297,127376.3187945,50.9505275178,sell,threshold
28934405,98001.5767,1.414999999999998,2.30663,0.892,87417.4064164,34.96696256656,buy,threshold
28934777,97380.1165,2.306999999999998,1.62544,-0.682,66413.239453,26.565295781200003,sell,threshold
28934809,97874.2494,1.6249999999999982,2.16689,0.542,53047.84317480001,21.219137269920004,buy,threshold
28935138,98564.3016,2.166999999999998,2.96262,0.796,78457.18407360002,31.38287362944001,buy,threshold
28935430,98148.7416,2.9629999999999983,2.45647,-0.507,49761.411991199995,19.90456479648,sell,threshold
28935473,98659.2811,2.455999999999998,3.25555,0.8,78927.42488,31.570969952000002,buy,threshold
28935487,99172.0224,3.2559999999999985,3.8986399999999994,0.643,63767.6104032,25.50704416128,buy,threshold
28935840,99389.0886,3.8989999999999982,1.28445,-2.615,259902.46668900002,103.96098667560001,sell,threshold
28935845,99577.466,1.283999999999998,2.2991200000000003,1.0150000000000001,101071.12799000001,40.428451196000005,buy,threshold
28936245,99802.3034,2.298999999999998,2.88137,0.582,58084.9405788,23.23397623152,buy,threshold
28936250,100460.6077,2.880999999999998,3.38698,0.506,50833.0674962,20.33322699848,buy,threshold
28936274,101286.15,3.386999999999998,3.89482,0.508,51453.364199999996,20.58134568,buy,threshold
28936313,102504.2725,3.894999999999998,4.4386600000000005,0.544,55762.32424000001,22.304929696000006,buy,threshold
28937280,101777.9131,4.438999999999998,0.55153,-3.887,395610.7482197,158.24429928788,sell,threshold
28937281,101739.2612,0.5519999999999983,1.17476,0.623,63383.5597276,25.35342389104,buy,threshold
28937293,101701.4029,1.1749999999999983,1.9124600000000003,0.737,74953.9339373,29.98157357492,buy,threshold
28937318,101855.3177,1.9119999999999981,2.41429,0.502,51131.3694854,20.45254779416,buy,threshold
28937493,101232.6081,2.413999999999998,1.9024500000000002,-0.512,51831.0953472,20.73243813888,sell,threshold
28937507,100521.6304,1.901999999999998,1.39704,-0.505,50763.423352,20.3053693408,sell,threshold
28937701,99601.9175,1.396999999999998,0.82575,-0.5710000000000001,56872.6948925,22.749077957,sell,threshold
28937715,98224.1571,0.825999999999998,0.29263,-0.533,52353.4757343,20.94139029372,sell,threshold
28938722,95630.3252,0.29299999999999793,1.0479,0.755,72200.89552600001,28.880358210400004,buy,threshold
28938741,95756.8976,1.0479999999999978,2.02354,0.976,93458.73205759999,37.38349282304,buy,threshold
28938793,95812.5754,2.023999999999998,2.57218,0.548,52505.291319200005,21.002116527680002,buy,threshold
28938934,94926.4899,2.571999999999998,1.97373,-0.598,56766.0409602,22.70641638408,sell,threshold
28939115,95784.6737,1.973999999999998,2.5045900000000003,0.531,50861.6617347,20.344664693880002,buy,threshold
28939133,95082.2163,2.504999999999998,1.99816,-0.507,48206.6836641,19.28267346564,sell,threshold
28939144,95819.0097,1.997999999999998,2.55686,0.559,53562.8264223,21.42513056892,buy,threshold
28939155,95075.9447,2.556999999999998,1.96909,-0.588,55904.65548359999,22.361862193439997,sell,threshold
28939255,94597.162,1.968999999999998,1.46893,-0.5,47298.581,18.9194324,sell,threshold
28939277,93820.2238,1.468999999999998,0.9584199999999999,-0.511,47942.1343618,19.176853744720002,sell,threshold
28939330,94562.3616,0.9579999999999981,1.4991499999999998,0.541,51158.237625600006,20.463295050240003,buy,threshold
28939373,93912.5834,1.4989999999999981,0.9818099999999998,-0.517,48552.805617800004,19.421122247120003,sell,threshold
28939388,94703.5622,0.9819999999999981,1.5516,0.5700000000000001,53981.03045400001,21.592412181600004,buy,threshold
28939423,94103.0184,1.5519999999999983,1.01348,-0.539,50721.5269176,20.28861076704,sell,threshold
28939596,94933.5458,1.0129999999999981,1.51587,0.503,47751.57353740001,19.100629414960004,buy,threshold
28939807,94217.8347,1.5159999999999982,0.43333,-1.083,102037.9149801,40.81516599204,sell,threshold
28939816,94496.1086,0.4329999999999983,0.9499299999999999,0.517,48854.488146200005,19.541795258480004,buy,threshold
28939931,93898.1334,0.9499999999999983,0.43196999999999997,-0.518,48639.23310120001,19.455693240480002,sell,threshold
28940163,93119.51,0.4319999999999983,1.07793,0.646,60155.20346,24.062081384,buy,threshold
28940168,92922.74,1.0779999999999983,1.65044,0.5720000000000001,53151.80728000001,21.260722912000006,buy,threshold
28940204,93341.93,1.6499999999999984,2.2779999999999996,0.628,58618.732039999995,23.447492816,buy,threshold
28940492,92717.72,2.2779999999999982,1.7656299999999998,-0.512,47471.47264,18.988589056000002,sell,threshold
28940518,91879.51,1.7659999999999982,1.24396,-0.522,47961.10422,19.184441688,sell,threshold
28940537,92645.35,1.2439999999999982,1.7582,0.514,47619.7099,19.04788396,buy,threshold
28940602,93352.58,1.7579999999999982,2.27354,0.516,48169.931280000004,19.267972512000004,buy,threshold
28940628,94162.88,2.2739999999999982,2.9053900000000006,0.631,59416.77728,23.766710912,buy,threshold
28940737,93487.67,2.9049999999999985,2.36384,-0.541,50576.829470000004,20.230731788000003,sell,threshold
28940749,92841.8,2.3639999999999985,1.8110799999999998,-0.553,51341.515400000004,20.53660616,sell,threshold
28940869,92179.07,1.8109999999999986,1.22855,-0.582,53648.218740000004,21.459287496,sell,threshold
28940902,91298.71,1.2289999999999988,0.6964899999999999,-0.533,48662.21243000001,19.464884972000004,sell,threshold
28940928,92060.31,0.6959999999999987,1.19689,0.501,46122.21531,18.448886124,buy,threshold
28941173,92866.73,1.1969999999999987,1.6991399999999999,0.502,46619.09846,18.647639384,buy,threshold
28941266,93368.96,1.6989999999999987,2.2414,0.542,50605.97632000001,20.242390528000005,buy,threshold
28941361,93830.3,2.2409999999999988,2.75199,0.511,47947.2833,19.178913320000003,buy,threshold
28941524,94122.08,2.751999999999999,3.3377399999999997,0.586,55155.53888,22.062215552,buy,threshold
28941600,94544.1767,3.3379999999999987,0.5801,-2.758,260752.8393386,104.30113573544,sell,threshold
28941603,94420.7095,0.5799999999999987,1.4832299999999998,0.903,85261.9006785,34.104760271399996,buy,threshold
28941633,94707.589,1.4829999999999988,2.0024,0.519,49153.238691000006,19.661295476400003,buy,threshold
28941781,95164.361,2.001999999999999,2.64696,0.645,61381.012845000005,24.552405138000005,buy,threshold
28941930,93285.9203,2.646999999999999,1.67993,-0.967,90207.48493009999,36.08299397204,sell,threshold
28942027,93138.161,1.6799999999999988,1.1228699999999998,-0.557,51877.955677,20.7511822708,sell,threshold
28942059,93953.7105,1.1229999999999989,1.64849,0.525,49325.698012500005,19.730279205000002,buy,threshold
28942112,93272.1183,1.6479999999999988,1.08209,-0.5660000000000001,52792.018957800006,21.116807583120003,sell,threshold
28942125,94000.1766,1.0819999999999987,1.6255600000000001,0.544,51136.09607040001,20.454438428160007,buy,threshold
28942149,93352.1344,1.6259999999999988,1.09331,-0.533,49756.6876352,19.902675054080003,sell,threshold
28942161,94103.9449,1.0929999999999986,1.65859,0.5660000000000001,53262.832813400004,21.30513312536,buy,threshold
28942189,94840.4666,1.6589999999999987,2.3651299999999997,0.706,66957.3694196,26.78294776784,buy,threshold
28942196,95595.7839,2.3649999999999984,2.9637599999999997,0.599,57261.874556099996,22.90474982244,buy,threshold
28942228,94880.9476,2.9639999999999986,2.4042299999999996,-0.56,53133.330656000006,21.253332262400004,sell,threshold
28942315,95351.0465,2.4039999999999986,2.91468,0.511,48724.3847615,19.4897539046,buy,threshold
28942344,94894.7697,2.9149999999999987,2.37131,-0.544,51622.75471680001,20.649101886720004,sell,threshold
28942578,94579.0948,2.3709999999999987,1.84442,-0.527,49843.1829596,19.937273183840002,sell,threshold
28942666,94300.7808,1.8439999999999985,1.33256,-0.511,48187.698988799995,19.275079595519998,sell,threshold
28942832,93956.1664,1.3329999999999984,0.7229300000000001,-0.61,57313.261504,22.9253046016,sell,threshold
28942920,94373.753,0.7229999999999984,1.2295699999999998,0.507,47847.492771,19.138997108399998,buy,threshold
28943040,94272.1908,1.2299999999999984,0.55692,-0.673,63445.184408400004,25.378073763360003,sell,threshold
28943048,94282.1608,0.5569999999999984,1.37587,0.8190000000000001,77217.0896952,30.886835878080003,buy,threshold
28943094,94082.365,1.3759999999999986,1.9316300000000002,0.556,52309.79494000001,20.923917976000006,buy,threshold
28943095,94090.7274,1.9319999999999986,2.5674,0.635,59747.611899,23.899044759600002,buy,threshold
28943253,94621.0721,2.5669999999999984,3.0788400000000005,0.512,48445.9889152,19.378395566080002,buy,threshold
28943592,94079.4696,3.0789999999999984,2.5332600000000003,-0.546,51367.3904016,20.54695616064,sell,threshold
28943813,94607.5305,2.5329999999999986,3.11613,0.583,55156.19028149999,22.0624761126,buy,threshold
28944419,94367.2518,3.1159999999999988,2.6088400000000003,-0.507,47844.1966626,19.13767866504,sell,threshold
28944744,94501.5968,2.6089999999999987,3.11438,0.505,47723.306384,19.089322553600002,buy,threshold
28944921,95234.0007,3.1139999999999985,3.6228,0.509,48474.106356300006,19.389642542520004,buy,threshold
28945276,94369.654,3.6229999999999984,3.03801,-0.585,55206.24758999999,22.082499035999998,sell,threshold
28945338,93878.819,3.0379999999999985,2.52352,-0.514,48253.71296600001,19.301485186400004,sell,threshold
28945435,94476.0232,2.5239999999999982,3.0396,0.516,48749.627971199996,19.49985118848,buy,threshold
28945468,95344.3397,3.0399999999999983,3.6868600000000002,0.647,61687.7877859,24.67511511436,buy,threshold
28945547,94573.261,3.6869999999999985,3.1245800000000004,-0.562,53150.172682000004,21.260069072800004,sell,threshold
28945607,93966.8299,3.1249999999999982,2.6113899999999997,-0.514,48298.9505686,19.31958022744,sell,threshold
28945692,94506.0516,2.610999999999998,3.1227800000000006,0.512,48387.0984192,19.354839367680004,buy,threshold
28945787,94022.9526,3.122999999999998,2.5627700000000004,-0.56,52652.853456000004,21.061141382400002,sell,threshold
28945847,93270.8966,2.562999999999998,1.7497599999999998,-0.8130000000000001,75829.2389358,30.331695574319998,sell,threshold
28945920,93555.8254,1.7499999999999978,1.02681,-0.723,67640.8617642,27.05634470568,sell,threshold
28945922,93547.8911,1.026999999999998,1.53746,0.51,47709.424460999995,19.083769784399998,buy,threshold
28945932,93406.1687,1.536999999999998,2.11438,0.577,53895.359339899995,21.558143735959998,buy,threshold
28946073,91646.3729,2.113999999999998,1.6139799999999997,-0.5,45823.18645,18.32927458,sell,threshold
28946160,90712.7897,1.613999999999998,1.11022,-0.504,45719.2460088,18.28769840352,sell,threshold
28946239,91669.7807,1.109999999999998,1.6338199999999998,0.524,48034.9650868,19.21398603472,buy,threshold
28946283,90670.3002,1.6339999999999981,0.99717,-0.637,57756.9812274,23.102792490960002,sell,threshold
28946329,91494.5015,0.9969999999999981,1.5325,0.536,49041.052804,19.616421121600002,buy,threshold
28946349,92354.0498,1.5329999999999981,2.04838,0.515,47562.335647,19.024934258800002,buy,threshold
28946363,93040.4533,2.0479999999999983,2.55446,0.506,47078.4693698,18.83138774792,buy,threshold
28946367,92373.594,2.5539999999999985,2.04398,-0.51,47110.53294,18.844213176,sell,threshold
28946411,91724.8618,2.0439999999999987,1.46937,-0.5750000000000001,52741.795535000005,21.096718214000003,sell,threshold
28946677,92601.9853,1.4689999999999985,2.04753,0.579,53616.549488699995,21.44661979548,buy,threshold
28946685,93176.3029,2.0479999999999983,2.6664499999999998,0.618,57582.955192199996,23.03318207688,buy,threshold
28946692,93681.619,2.665999999999998,3.26272,0.597,55927.926543,22.3711706172,buy,threshold
28946740,94225.6664,3.262999999999998,3.7790299999999997,0.516,48620.4438624,19.448177544960004,buy,threshold
28946898,94679.2868,3.778999999999998,4.28507,0.506,47907.7191208,19.16308764832,buy,threshold
28947283,94909.5876,4.284999999999998,4.7853,0.5,47454.7938,18.98191752,buy,threshold
28947360,94900.1258,4.784999999999998,0.49144,-4.2940000000000005,407501.1401852,163.00045607408,sell,threshold
28947361,94961.1947,0.4909999999999979,1.07241,0.581,55172.45412069999,22.068981648279998,buy,threshold
28947369,95234.955,1.0719999999999978,2.01323,0.9410000000000001,89616.092655,35.846437062,buy,threshold
28947377,95742.1747,2.012999999999998,2.7034000000000002,0.6900000000000001,66062.10054300001,26.424840217200003,buy,threshold
28947454,96533.9307,2.702999999999998,3.2252199999999998,0.522,50390.7118254,20.156284730160003,buy,threshold
28947757,97195.7542,3.224999999999998,3.73144,0.506,49181.0516252,19.672420650080003,buy,threshold
28947775,96344.4785,3.730999999999998,3.1793299999999998,-0.552,53182.152132,21.2728608528,sell,threshold
28947878,95644.2916,3.178999999999998,2.6635799999999996,-0.515,49256.810174,19.7027240696,sell,threshold
28947948,96355.8026,2.663999999999998,3.3060400000000003,0.642,61860.4252692,24.744170107680002,buy,threshold
28948042,96937.8451,3.305999999999998,3.81842,0.512,49632.1766912,19.852870676480002,buy,threshold
28948082,96251.1225,3.817999999999998,3.3148799999999996,-0.503,48414.3146175,19.365725847,sell,threshold
28948104,96856.8659,3.3149999999999977,3.82209,0.507,49106.4310113,19.642572404520003,buy,threshold
28948560,97478.8572,3.821999999999998,4.41941,0.597,58194.877748399995,23.27795109936,buy,threshold
28948800,97242.3092,4.418999999999998,0.53761,-3.8810000000000002,377397.40200520004,150.95896080208001,sell,threshold
28948804,97384.8046,0.5379999999999976,1.47271,0.935,91054.79230100001,36.42191692040001,buy,threshold
28948885,97084.1369,1.4729999999999976,2.32322,0.85,82521.516365,33.008606546,buy,threshold
28949130,98408.2793,2.3229999999999977,3.02382,0.7010000000000001,68984.20378930001,27.593681515720004,buy,threshold
28949147,98881.493,3.023999999999998,3.5477300000000005,0.524,51813.902332000005,20.725560932800004,buy,threshold
28949220,99712.9943,3.547999999999998,4.09759,0.55,54842.14686500001,21.936858746000006,buy,threshold
28949761,100848.2702,4.097999999999998,4.78635,0.6880000000000001,69383.6098976,27.753443959040005,buy,threshold
28950240,99842.42,4.785999999999998,0.62981,-4.156,414945.09751999995,165.978039008,sell,threshold
28950241,99863.17,0.6299999999999981,1.19308,0.5630000000000001,56222.96471000001,22.489185884000005,buy,threshold
28950287,99043.28,1.1929999999999983,1.96863,0.776,76857.58528,30.743034112,buy,threshold
28950535,99376.92,1.9689999999999983,2.73264,0.764,75923.96687999999,30.369586752,buy,threshold
28950643,98333.29,2.7329999999999983,1.935,-0.798,78469.96542,31.387986167999998,sell,threshold
28950660,97467.75,1.9349999999999983,1.36508,-0.5700000000000001,55556.61750000001,22.222647000000006,sell,threshold
28950681,98301.77,1.3649999999999982,1.90821,0.543,53377.861110000005,21.351144444000003,buy,threshold
28950717,99061.89,1.9079999999999981,2.48791,0.58,57455.896199999996,22.98235848,buy,threshold
28950726,99804.74,2.487999999999998,3.06993,0.582,58086.35868,23.234543472,buy,threshold
28950948,100347.57,3.069999999999998,3.66075,0.591,59305.413870000004,23.722165548000003,buy,threshold
28951102,99609.48,3.660999999999998,3.05523,-0.606,60363.34488,24.145337952,sell,threshold
28951151,100042.47,3.054999999999998,3.5625299999999998,0.508,50821.57476,20.328629904000003,buy,threshold
28951296,101010.86,3.562999999999998,4.11298,0.55,55555.973000000005,22.222389200000002,buy,threshold
28951510,101659.3,4.112999999999998,4.61927,0.506,51439.605800000005,20.575842320000003,buy,threshold
28951680,101596.9582,4.618999999999998,1.27511,-3.344,339740.22822079994,135.89609128831998,sell,threshold
28951682,101578.9638,1.2749999999999981,1.7907000000000002,0.516,52414.7453208,20.965898128320003,buy,threshold
28951689,101743.4838,1.7909999999999981,2.46645,0.675,68676.851565,27.470740626000005,buy,threshold
28951707,101941.9561,2.4659999999999984,2.9998899999999997,0.534,54437.0045574,21.77480182296,buy,threshold
28951961,102746.743,2.9999999999999982,3.52815,0.528,54250.28030400001,21.700112121600004,buy,threshold
28952104,103652.3908,3.5279999999999982,4.08983,0.562,58252.6436296,23.301057451840002,buy,threshold
28952199,105014.8444,4.089999999999998,4.59079,0.501,52612.4370444,21.04497481776,buy,threshold
28953120,102770.0012,4.590999999999998,0.49076,-4.1,421357.00492,168.542801968,sell,threshold
28953125,102402.083,0.49099999999999877,1.4241000000000001,0.933,95541.143439,38.2164573756,buy,threshold
28953126,102537.9519,1.4239999999999988,2.0002400000000002,0.5760000000000001,59061.86029440001,23.624744117760006,buy,threshold
28953148,102760.6768,1.999999999999999,2.5218300000000005,0.522,53641.073289600005,21.45642931584,buy,threshold
28953199,103371.2438,2.521999999999999,3.05452,0.533,55096.8729454,22.03874917816,buy,threshold
28953381,103982.3964,3.054999999999999,3.64294,0.588,61141.6490832,24.45665963328,buy,threshold
28953425,103349.7323,3.642999999999999,3.12069,-0.522,53948.5602606,21.57942410424,sell,threshold
28953462,103946.7386,3.1209999999999987,3.6373499999999996,0.516,53636.5171176,21.45460684704,buy,threshold
28953586,104914.715,3.6369999999999987,4.15415,0.517,54240.907655,21.696363062000003,buy,threshold
28953617,103928.4915,4.153999999999999,3.6200500000000004,-0.534,55497.814461,22.199125784400003,sell,threshold
28953642,103376.3145,3.619999999999999,3.1110700000000002,-0.509,52618.544080499996,21.0474176322,sell,threshold
28953676,103965.8402,3.1109999999999993,3.6263400000000003,0.515,53542.407703000004,21.416963081200002,buy,threshold
28954036,104616.8436,3.6259999999999994,4.30356,0.678,70930.2199608,28.37208798432,buy,threshold
28954560,105048.1387,4.303999999999999,1.27562,-3.028,318085.7639836,127.23430559344001,sell,threshold
28954563,104872.3746,1.2759999999999994,2.21527,0.9390000000000001,98475.1597494,39.39006389976,buy,threshold
28954673,105327.4905,2.2149999999999994,2.8647600000000004,0.65,68462.868825,27.38514753,buy,threshold
28954706,104430.7411,2.8649999999999993,2.30663,-0.558,58272.35353380001,23.308941413520003,sell,threshold
28954761,105236.7122,2.3069999999999995,2.81469,0.508,53460.2497976,21.38409991904,buy,threshold
28954779,104389.7374,2.8149999999999995,2.29495,-0.52,54282.663448,21.7130653792,sell,threshold
28954877,105222.1654,2.2949999999999995,2.8077300000000003,0.513,53978.9708502,21.59158834008,buy,threshold
28955129,104496.2901,2.8079999999999994,2.29843,-0.51,53293.107951,21.317243180400002,sell,threshold
28955173,105161.656,2.297999999999999,2.8114,0.513,53947.929528,21.579171811200002,buy,threshold
28955275,105818.4013,2.810999999999999,3.31689,0.506,53544.1110578,21.417644423120002,buy,threshold
28955366,104849.3243,3.3169999999999993,2.60106,-0.716,75072.1161988,30.02884647952,sell,threshold
28955369,104229.1244,2.600999999999999,2.0887000000000002,-0.512,53365.3116928,21.346124677120002,sell,threshold
28955400,103455.3368,2.088999999999999,1.55391,-0.535,55348.60518800001,22.139442075200005,sell,threshold
28955418,104328.538,1.553999999999999,2.1688400000000003,0.615,64162.05087,25.664820348,buy,threshold
28955422,103499.8348,2.1689999999999987,1.5988,-0.5700000000000001,58994.905836000005,23.597962334400002,sell,threshold
28955447,102604.3679,1.5989999999999986,1.06351,-0.535,54893.3368265,21.957334730600003,sell,threshold
28955478,101043.8762,1.0639999999999987,0.5556499999999999,-0.508,51330.2891096,20.53211564384,sell,threshold
28955922,103819.8319,0.5559999999999987,1.29052,0.735,76307.5764465,30.5230305786,buy,threshold
28955924,104588.052,1.2909999999999986,2.01587,0.725,75826.33769999999,30.330535079999997,buy,threshold
28955925,105211.9199,2.0159999999999987,3.02473,1.0090000000000001,106158.8271791,42.46353087164,buy,threshold
28955928,105837.201,3.0249999999999986,3.8521600000000005,0.8270000000000001,87527.365227,35.010946090800005,buy,threshold
28955931,106864.9742,3.8519999999999985,4.61085,0.759,81110.5154178,32.44420616712,buy,threshold
28956000,107263.753,4.610999999999999,0.52783,-4.083,437957.903499,175.1831613996,sell,threshold
28956003,107595.5124,0.5279999999999987,1.03837,0.51,54873.711324,21.949484529600003,buy,threshold
28956021,108095.4474,1.0379999999999987,1.5565400000000003,0.519,56101.5372006,22.440614880240002,buy,threshold
28956065,108636.2355,1.5569999999999986,2.08577,0.529,57468.5685795,22.9874274318,buy,threshold
28956088,108104.4134,2.0859999999999985,2.5998,0.514,55565.66848760001,22.226267395040004,buy,threshold
28956257,106500.4318,2.5999999999999988,2.09413,-0.506,53889.218490800005,21.555687396320003,sell,threshold
28956491,105004.6767,2.0939999999999985,1.58449,-0.51,53552.385117,21.4209540468,sell,threshold
28956521,106529.6265,1.5839999999999985,2.08779,0.504,53690.931756,21.4763727024,buy,threshold
28956545,104554.8184,2.0879999999999983,1.4037899999999999,-0.684,71515.49578560001,28.606198314240007,sell,threshold
28956579,101662.7021,1.4039999999999981,0.73951,-0.664,67504.0341944,27.001613677759998,sell,threshold
28956593,104143.8958,0.7399999999999981,1.34106,0.601,62590.481375799995,25.03619255032,buy,threshold
28956679,103141.2929,1.340999999999998,0.81966,-0.521,53736.613600900004,21.494645440360003,sell,threshold
28957012,101327.4076,0.819999999999998,0.28523,-0.535,54210.16306600001,21.684065226400005,sell,threshold
28957445,101879.3833,0.2849999999999979,1.09557,0.811,82624.1798563,33.04967194252001,buy,threshold
28957453,102227.2002,1.0959999999999979,2.02133,0.925,94560.16018500002,37.824064074000006,buy,threshold
28957507,102687.2676,2.020999999999998,2.6863,0.665,68287.03295400001,27.314813181600005,buy,threshold
28957636,103625.1723,2.685999999999998,3.1873599999999995,0.501,51916.211322300005,20.766484528920003,buy,threshold
28957755,104852.092,3.186999999999998,3.7478599999999997,0.561,58822.023612000005,23.528809444800004,buy,threshold
28957837,103625.1607,3.747999999999998,3.2128299999999994,-0.535,55439.4609745,22.1757843898,sell,threshold
28957928,104768.7497,3.212999999999998,3.84847,0.635,66528.1560595,26.611262423800003,buy,threshold
28957940,106406.5553,3.847999999999998,4.36685,0.519,55225.00220070001,22.090000880280005,buy,threshold
28958880,105206.9196,4.366999999999998,0.53596,-3.831,403047.7089876,161.21908359504002,sell,threshold
28958903,105015.0587,0.5359999999999983,1.52467,0.989,103859.89305429999,41.54395722172,buy,threshold
28958927,105301.293,1.5249999999999981,2.05252,0.528,55599.08270400001,22.239633081600005,buy,threshold
28958987,105146.6437,2.052999999999998,2.6292,0.5760000000000001,60564.46677120001,24.225786708480005,buy,threshold
28959229,104491.919,2.6289999999999982,2.11739,-0.512,53499.862528,21.3999450112,sell,threshold
28959316,105187.9793,2.116999999999998,2.6648,0.548,57643.01265640001,23.057205062560005,buy,threshold
28959330,104471.9931,2.6649999999999983,2.1558,-0.509,53176.2444879,21.27049779516,sell,threshold
28959401,103814.1621,2.1559999999999984,1.65185,-0.504,52322.3376984,20.928935079360002,sell,threshold
28959459,104568.7019,1.6519999999999984,2.18691,0.535,55944.2555165,22.377702206600002,buy,threshold
28959536,103985.0428,2.1869999999999985,1.62172,-0.5650000000000001,58751.549182,23.500619672800003,sell,threshold
28959557,104597.9412,1.6219999999999986,2.13087,0.509,53240.3520708,21.296140828320002,buy,threshold
28959661,104065.9528,2.1309999999999985,1.57381,-0.557,57964.735709600005,23.185894283840003,sell,threshold
28959835,103664.1195,1.5739999999999985,1.07056,-0.503,52143.0521085,20.8572208434,sell,threshold
28959949,102890.4429,1.0709999999999984,0.47783,-0.593,61014.032639699995,24.40561305588,sell,threshold
28960325,102609.82,0.4779999999999984,1.11003,0.632,64849.406240000004,25.939762496000004,buy,threshold
28960350,102480.05,1.1099999999999985,2.1445499999999997,1.035,106066.85175,42.4267407,buy,threshold
28960711,103465.27,2.1449999999999987,3.1298300000000006,0.985,101913.29095000001,40.76531638000001,buy,threshold
28960715,104419.99,3.1299999999999986,3.6795100000000005,0.55,57430.99450000001,22.972397800000003,buy,threshold
28960750,103494.52,3.679999999999999,3.16344,-0.517,53506.666840000005,21.402666736000004,sell,threshold
28960770,104688.52,3.162999999999999,3.70255,0.54,56531.800800000005,22.612720320000005,buy,threshold
28960811,106386.69,3.702999999999999,4.2248,0.522,55533.85218,22.213540872000003,buy,threshold
28961029,104061.62,4.224999999999999,3.56225,-0.663,68992.85406,27.597141624,sell,threshold
28961052,105514.74,3.5619999999999985,4.23609,0.674,71116.93476,28.446773904000004,buy,threshold
28961057,104346.96,4.235999999999999,3.66218,-0.5740000000000001,59895.15504000001,23.958062016000007,sell,threshold
28961065,106257.63,3.661999999999999,4.18273,0.521,55360.225230000004,22.144090092000003,buy,threshold
28961085,104348.65,4.182999999999999,3.66723,-0.516,53843.903399999996,21.537561359999998,sell,threshold
28961093,103236.88,3.666999999999999,3.08588,-0.581,59980.62728,23.992250912000003,sell,threshold
28961118,102385.5,3.085999999999999,2.36847,-0.718,73512.789,29.405115600000002,sell,threshold
28961123,103187.81,2.367999999999999,2.90964,0.542,55927.793020000005,22.371117208000005,buy,threshold
28961180,103970.11,2.9099999999999993,3.46244,0.552,57391.500720000004,22.956600288000004,buy,threshold
28961402,103118.36,3.4619999999999993,2.9584300000000003,-0.504,51971.65344,20.788661376,sell,threshold
28961494,103942.03,2.9579999999999993,3.49656,0.539,56024.75417,22.409901668,buy,threshold
28961565,104838.99,3.4969999999999994,4.04057,0.544,57032.410560000004,22.812964224,buy,threshold
28961760,105160.8561,4.0409999999999995,0.5273,-3.5140000000000002,369535.2483354,147.81409933416,sell,threshold
28961764,104959.1418,0.5269999999999992,1.30458,0.778,81658.2123204,32.663284928159996,buy,threshold
28961768,104959.7315,1.3049999999999993,1.87181,0.5670000000000001,59512.1677605,23.804867104200003,buy,threshold
28961816,105576.2767,1.8719999999999994,2.58555,0.714,75381.4615638,30.15258462552,buy,threshold
28962152,104802.1127,2.5859999999999994,2.0285599999999997,-0.557,58374.776773900005,23.349910709560003,sell,threshold
28962160,105509.01,2.0289999999999995,2.54695,0.518,54653.66718,21.861466872,buy,threshold
28962283,106190.7664,2.5469999999999997,3.06136,0.514,54582.0539296,21.83282157184,buy,threshold
28962362,106780.9068,3.061,3.5803599999999998,0.519,55419.2906292,22.167716251679998,buy,threshold
28962430,106012.2012,3.58,3.0120400000000003,-0.5680000000000001,60214.930281600005,24.085972112640004,sell,threshold
28962501,105452.591,3.012,2.47254,-0.539,56838.946549,22.735578619600002,sell,threshold
28962517,105031.8407,2.473,1.95087,-0.522,54826.6208454,21.93064833816,sell,threshold
28962664,104578.658,1.9509999999999998,1.25047,-0.7010000000000001,73309.63925800001,29.323855703200007,sell,threshold
28962955,105051.3582,1.2499999999999998,1.77432,0.524,55046.9116968,22.01876467872,buy,threshold
28962993,104779.6414,1.7739999999999998,1.26868,-0.505,52913.718906999995,21.1654875628,sell,threshold
28963035,104388.7358,1.2689999999999997,0.7527300000000001,-0.516,53864.5876728,21.545835069120002,sell,threshold
28963252,104277.1319,0.7529999999999997,1.4813800000000001,0.728,75913.7520232,30.36550080928,buy,threshold
28963266,104339.8679,1.4809999999999997,2.31242,0.8310000000000001,86706.4302249,34.682572089960004,buy,threshold
28963826,105085.6634,2.312,2.81623,0.504,52963.1743536,21.18526974144,buy,threshold
28965491,104405.0035,2.816,2.26695,-0.549,57318.34692150001,22.927338768600006,sell,threshold
28965545,103857.5445,2.267,1.7586500000000003,-0.508,52759.632606,21.1038530424,sell,threshold
28965556,103072.7508,1.759,1.2381400000000002,-0.521,53700.9031668,21.480361266720003,sell,threshold
28965656,101864.0354,1.238,0.72822,-0.51,51950.658054,20.780263221600002,sell,threshold
28966003,99048.8384,0.728,0.2273,-0.501,49623.468038399995,19.84938721536,sell,threshold
28966080,99047.6479,0.22699999999999998,0.7959700000000001,0.5690000000000001,56358.1116551,22.543244662040003,buy,threshold
28966095,98975.7451,0.796,1.34702,0.551,54535.63555010001,21.814254220040002,buy,threshold
28966375,100690.6719,1.347,1.8673700000000002,0.52,52359.149388000005,20.943659755200002,buy,threshold
28966640,99247.6626,1.867,1.31913,-0.548,54387.7191048,21.755087641920003,sell,threshold
28966836,100698.0988,1.319,1.83263,0.514,51758.822783200005,20.703529113280002,buy,threshold
28967049,102909.7387,1.833,2.34971,0.517,53204.3349079,21.281733963160004,buy,threshold
28967520,102784.469,2.35,0.47264,-1.877,192926.448313,77.17057932520001,sell,threshold
28967524,102716.192,0.4730000000000001,1.0751,0.602,61835.147584,24.7340590336,buy,threshold
28967526,102666.1062,1.0750000000000002,1.5940400000000001,0.519,53283.7091178,21.313483647119998,buy,threshold
28967533,102898.817,1.5940000000000003,2.10629,0.512,52684.194304,21.0736777216,buy,threshold
28967815,102630.5749,2.1060000000000003,2.61982,0.514,52752.115498600004,21.100846199440003,buy,threshold
28967893,101871.9704,2.62,2.02889,-0.591,60206.3345064,24.08253380256,sell,threshold
28967905,102484.4764,2.029,2.54711,0.518,53086.9587752,21.23478351008,buy,threshold
28967943,103289.6353,2.5469999999999997,3.09849,0.551,56912.589050300005,22.765035620120003,buy,threshold
28968004,102598.6662,3.098,2.59164,-0.506,51914.9250972,20.765970038880003,sell,threshold
28968183,102093.5404,2.5919999999999996,2.06121,-0.531,54211.6699524,21.68466798096,sell,threshold
28968235,102614.4822,2.0609999999999995,2.5847100000000003,0.524,53769.9886728,21.50799546912,buy,threshold
28968258,102028.1274,2.5849999999999995,1.9632400000000003,-0.622,63461.495242799996,25.38459809712,sell,threshold
28968289,101535.1004,1.9629999999999996,1.42788,-0.535,54321.278714,21.728511485600002,sell,threshold
28968337,100837.8238,1.4279999999999995,0.8886200000000001,-0.539,54351.5870282,21.740634811280003,sell,threshold
28968518,101579.452,0.8889999999999995,1.3968099999999999,0.508,51602.361616,20.6409446464,buy,threshold
28968605,102072.8534,1.3969999999999994,1.95356,0.557,56854.57934380001,22.741831737520005,buy,threshold
28968647,101670.3107,1.9539999999999993,1.38025,-0.5740000000000001,58358.75834180001,23.343503336720005,sell,threshold
28968700,102081.5919,1.3799999999999992,1.89051,0.511,52163.6934609,20.865477384360002,buy,threshold
28968863,102513.8296,1.8909999999999991,2.39703,0.506,51871.9977776,20.74879911104,buy,threshold
28968960,102756.0914,2.3969999999999994,0.47697,-1.92,197291.695488,78.9166781952,sell,threshold
28968961,102772.4405,0.4769999999999994,1.01851,0.542,55702.662751,22.281065100400003,buy,threshold
28969009,102802.5892,1.0189999999999995,1.79102,0.772,79363.5988624,31.745439544960004,buy,threshold
28969024,102652.3387,1.7909999999999995,2.29967,0.509,52250.0403983,20.90001615932,buy,threshold
28969267,101900.1815,2.2999999999999994,1.7697499999999997,-0.53,54007.096195000006,21.602838478000002,sell,threshold
28969534,102733.4495,1.7699999999999994,2.31668,0.547,56195.196876500006,22.4780787506,buy,threshold
28969563,102112.9166,2.3169999999999993,1.7955100000000002,-0.521,53200.8295486,21.28033181944,sell,threshold
28969591,102793.2347,1.7959999999999994,2.35075,0.555,57050.24525850001,22.820098103400003,buy,threshold
28969628,101982.2043,2.3509999999999995,1.7399700000000002,-0.611,62311.126827299995,24.92445073092,sell,threshold
28969659,102750.4292,1.7399999999999995,2.2471099999999997,0.507,52094.4676044,20.837787041760002,buy,threshold
28969660,103891.4816,2.2469999999999994,3.16295,0.916,95164.5971456,38.06583885824,buy,threshold
28969683,103000.7727,3.1629999999999994,2.58472,-0.578,59534.4466206,23.81377864824,sell,threshold
28969699,103702.8251,2.5849999999999995,3.1413699999999998,0.556,57658.77075560001,23.063508302240006,buy,threshold
28969705,104402.5439,3.1409999999999996,3.73086,0.59,61597.500901,24.6390003604,buy,threshold
28969800,103688.8769,3.7309999999999994,3.2237400000000003,-0.507,52570.2605883,21.02810423532,sell,threshold
28969874,104088.6227,3.2239999999999993,3.72457,0.501,52148.399972700005,20.85935998908,buy,threshold
28969924,103598.1517,3.724999999999999,3.2094300000000002,-0.516,53456.6462772,21.382658510880002,sell,threshold
28969970,104043.2313,3.208999999999999,3.71328,0.504,52437.7885752,20.975115430080002,buy,threshold
28970074,104485.2799,3.712999999999999,4.24227,0.529,55272.7130671,22.10908522684,buy,threshold
28970217,105519.4098,4.241999999999999,4.751,0.509,53709.3795882,21.48375183528,buy,threshold
28970400,105309.71,4.7509999999999994,0.55002,-4.2010000000000005,442406.09171000007,176.96243668400004,sell,threshold
28970402,105329.42,0.5499999999999989,1.23764,0.6880000000000001,72466.64096,28.986656384000003,buy,threshold
28970703,105018.04,1.237999999999999,1.74227,0.504,52929.09216,21.171636864,buy,threshold
28970811,105903.09,1.741999999999999,2.25832,0.516,54645.99444,21.858397776,buy,threshold
28970978,105044.59,2.257999999999999,1.75042,-0.508,53362.65172,21.345060688,sell,threshold
28971128,105826.64,1.7499999999999991,2.25041,0.5,52913.32,21.165328000000002,buy,threshold
28971163,105094.2,2.249999999999999,1.7365,-0.513,53913.3246,21.56532984,sell,threshold
28971375,104467.47,1.7369999999999992,1.20188,-0.535,55890.096450000005,22.356038580000003,sell,threshold
28971825,104350.19,1.201999999999999,0.59609,-0.606,63236.21514,25.294486056,sell,threshold
28971840,104264.975,0.5959999999999991,-0.0,-0.596,62141.9251,24.85677004,sell,threshold
